"Item ID","Area","Screen / Flow","Route / Component","Role / Access","Key Verification Criteria","Status","Test / Code Reference","Pass/Fail","Audit Notes"
"SCR-001","Auth & Onboarding","Google Auth Sign-in","src/app/index.tsx","Public / Unauth","Native Google OAuth via Better-Auth; stores secure cookie & session; redirects to onboarding or workspace","Implemented & Passing","src/features/auth/__tests__/authEnvironment.test.ts","PASS","ADR-0004 & SDK 57 compliant"
"SCR-002","Auth & Onboarding","Academic Onboarding","src/app/onboarding/index.tsx","Authenticated (First Run)","Collects student ID, faculty, major, academic year; validates @ku.th domain before granting access","Implemented & Passing","src/features/onboarding/__tests__/onboarding.test.ts","PASS","Blocks entry until academic profile saved"
"SCR-003","Navigation Shell","Role Workspace Switching","src/app/(tabs)/_layout.tsx","Hirer / Worker","Switching between Hirer and Worker workspaces dynamically updates tab icons, labels, and theme color ramps","Implemented & Passing","src/features/workspace/__tests__/AppThemeProvider.test.tsx","PASS","ADR-0011 & ADR-0012 zero Context pattern"
"SCR-004","Navigation Shell","Primary Bottom Tabs","src/app/(tabs)/_layout.tsx","Hirer / Worker","5 primary tabs: Quest Board (Explore), My Quests (Work), Create (+), Money (Wallet), Profile","Implemented & Passing","src/app/(tabs)/__tests__/index.test.tsx","PASS","ADR-0007 persistent tab shell"
"SCR-005","Discovery","Quest Board (Worker View)","src/app/(tabs)/index.tsx","Worker","Feed of open quests with compact horizontal cards; search by keyword; filter by faculty, reward, tag","Implemented & Passing","src/features/workerHome/__tests__/WorkerHomeScreen.test.tsx","PASS","ADR-0001 density & ADR-0009 discovery boundary"
"SCR-006","Quest Creation","3-Step Wizard: Basic Details","src/app/(tabs)/create.tsx (Step 1)","Hirer","Step 1: Title, description, tags, location/remote, draft auto-save to storage with user-scoped key","Implemented & Passing","src/app/(tabs)/__tests__/create.test.tsx","PASS","ADR-0002 3-step creation wizard"
"SCR-007","Quest Creation","3-Step Wizard: Mode & Schedule","src/app/(tabs)/create.tsx (Step 2)","Hirer","Step 2: Selection mode (FCFS vs Candidate), Single vs Group, headcount (min 2), startTime, dueAt","Implemented & Passing","src/features/createQuest/__tests__/createQuestDraft.test.ts","PASS","Enforces startTime < dueAt & valid mode matrix"
"SCR-008","Quest Creation","3-Step Wizard: Budget & Escrow","src/app/(tabs)/create.tsx (Step 3)","Hirer","Step 3: Worker reward per head, platform fee preview, questFundingTotal calculation, escrow check","Implemented & Passing","src/features/createQuest/__tests__/createQuestWorkflow.test.ts","PASS","Requires sufficient spending balance; prompts top-up"
"SCR-009","Quest Details","Quest Detail Page","src/app/quest/[id].tsx","All Roles","State & role adaptive: Hirer sees management controls; Candidate sees apply/team; Worker sees work controls","Implemented & Passing","src/features/questBoard/presentation/__tests__/QuestBoardViewData.test.ts","PASS","Header hero, tags, reward satang to THB, deadline"
"SCR-010","Quest Management","Hirer Quest Manage Screen","src/app/quest/[id]/manage.tsx","Hirer","Review candidate applications, inspect candidate teams, accept candidate/team, cancel quest with refund","Implemented & Passing","src/app/quest/[id]/__tests__/manage.test.tsx","PASS","Atomic acceptance transaction"
"SCR-011","Quest Management","Select Roster Review","src/app/quest/[id]/select-roster.tsx","Hirer","Roster review view model, member profile sheet, view reputation ratings and past completed quests","Implemented & Passing","src/app/quest/[id]/__tests__/select-roster.test.tsx","PASS","ADR-0008 public profile reputation"
"SCR-012","Candidate Assembly","Candidate Team Assembly","src/app/quest/[id]/team.tsx","Candidate","Join code display/regeneration, invite prospective workers, roster list, disband team, submit at exact headcount","Implemented & Passing","src/features/questBoard/teamAssemble/__tests__/GroupQuestSheets.test.tsx","PASS","ADR-0010 Join code 24h expiration"
"SCR-013","Quest Execution","Start Work Protocol Screen","src/app/quest/[id]/work.tsx","Assigned Worker","Start work button active only between startTime and dueAt; displays countdown timer, team readiness status","Implemented & Passing","src/features/questBoard/work/__tests__/QuestWorkScreen.test.tsx","PASS","Start work triggers QUEST_IN_PROGRESS"
"SCR-014","Proof Submission","Worker Proof Form","src/app/quest/[id]/proof.tsx","Active Worker","Upload 1-5 proof files/images, work summary note, auto-save proof draft, submit before dueAt","Implemented & Passing","src/features/workerWork/__tests__/WorkerProofForm.test.tsx","PASS","Contract: 1-5 files max, draft persistence"
"SCR-015","Proof Review","Hirer Proof Review Screen","src/app/quest/[id]/proof-review.tsx","Hirer","Inspect worker proof images/notes, 24h auto-approval countdown banner, approve or reject with mandatory reason","Implemented & Passing","src/features/questBoard/review/__tests__/HirerProofReviewScreen.test.tsx","PASS","Rejection triggers QUEST_FAILED & Admin Review Item"
"SCR-016","Rating Review","Reciprocal Rating Modal","src/features/questBoard/review/components/QuestReviewModal.tsx","Hirer / Worker","1-5 star rating, feedback tags, comments; available within 7 days of terminal quest state","Implemented & Passing","src/features/questBoard/review/components/__tests__/QuestReviewModal.test.tsx","PASS","Both parties rate independently; affects reputation"
"SCR-017","Wallet","Wallet Main Screen","src/app/(tabs)/money.tsx","All Members","Displays 4 compartments: Spending, Earnings, Funding Reserved (Escrow), Reserved for Payouts; Satang precision","Implemented & Passing","src/features/wallet/__tests__/WalletScreen.test.tsx","PASS","rulebook/finance/wallet-compartment-contract.md"
"SCR-018","Wallet","PromptPay QR Top-Up","src/app/top-up.tsx","All Members","Select amount preset or custom (satang integer), generate PromptPay QR, confirmation step, poll transaction status","Implemented & Passing","src/features/wallet/__tests__/TopUpScreen.test.tsx","PASS","Safe overflow check (<2,000,000,000 satang)"
"SCR-019","Wallet","Transfer Earnings to Spending","src/features/wallet/components/TransferEarningsModal.tsx","Worker","Instant, fee-free conversion of earningsBalanceSatang to spendingBalanceSatang for publishing quests","Implemented & Passing","src/features/wallet/components/__tests__/TransferEarningsModal.test.tsx","PASS","Immediate ledger credit; no payout fee deducted"
"SCR-020","Chat & Inquiry","Candidate Inquiry Chat","src/app/quest/[id]/inquiry/[conversationId].tsx","Hirer + Prospective Worker","Strictly 2 participants, active only during QUEST_OPEN, disappears upon assignment, no KU bot system messages","Implemented & Passing","src/features/conversation/__tests__/conversation.test.ts","PASS","docs/rulebook/quest/conversation-contract.md"
"SCR-021","Chat & Inquiry","Work Conversation Room","src/app/(tabs)/chat/[id].tsx","Accepted Participants","Hirer + all active workers; KU bot system messages; permanent read-only archive upon completion/failure","Implemented & Passing","src/features/conversation/__tests__/workChat.test.ts","PASS","Attachments <= 5MB, rate limit 5msg/5s"
"SCR-022","Profile & Settings","Public Student Profile","src/app/profile/[id].tsx","All Members","Displays verified academic status, reputation score, completed quest count, reviews summary","Implemented & Passing","src/features/profile/__tests__/profile.test.ts","PASS","ADR-0008 Student reputation & public trust"
"SCR-023","Settings & Trust","Conduct & Report Modal","src/app/report.tsx","All Members","Submit report against user/quest/message with reason categories and evidence link to Admin portal","Implemented & Passing","src/features/report/__tests__/ReportScreen.test.tsx","PASS","Trust & Safety admin-conduct-report contract"
"SCR-024","Dev & QA","Dev Persona Roleplay Tool","src/app/dev/roleplay.tsx","Dev / Test Only","Instant switching between mock Hirer, Worker, Candidate, and Underfilled personas with seeded wallet balances","Implemented & Passing","src/features/roleplay/__tests__/RoleplayScreen.test.tsx","PASS","Fast validation without recreating accounts"