"Rule ID","Domain Contract","Lifecycle Stage / Event","Specification & Contract Rule","Forbidden / Boundary Condition","Implementation & Store Location","Test Coverage","Audit Status","Remarks"
"LFC-001","Quest Lifecycle","Creation to QUEST_OPEN","Hirer completes 3 steps; questFundingTotal locked in escrow from spendingBalanceSatang; status becomes QUEST_OPEN","Cannot publish if spending balance < questFundingTotal; cannot create with past dueAt","src/features/createQuest/workflow/useCreateQuestFlow.ts","src/features/createQuest/__tests__/createQuestWorkflow.test.ts","PASS","Atomic funding lock"
"LFC-002","Selection Mode","FIRST_COME_FIRST_SERVED (FCFS)","Single: first worker joins directly -> QUEST_ASSIGNED. Group: workers join directly until headcount reached.","No candidate application step allowed; cannot join after headcount full or quest closed","src/features/questBoard/workflow/questWorkflow.ts","src/features/questBoard/workflow/__tests__/questWorkflow.test.ts","PASS","Direct assignment"
"LFC-003","Selection Mode","CANDIDATE Selection","Candidates apply individually or in teams; Hirer manually reviews and selects winning roster","Hirer selection rejects all other candidates/teams in the same transaction; no partial team selection","src/features/questBoard/roster/useSelectRosterActions.ts","src/app/quest/[id]/__tests__/select-roster.test.tsx","PASS","ADR-0010 & atomic rejection"
"LFC-004","Candidate Team","Join Code Mechanics","Server generates 24h code for GROUP + CANDIDATE; team leader can regenerate code; auto-disbands if all leave","Cannot submit team before exact headcount; cannot edit members after team submitted; code invalid after 24h","src/features/questBoard/teamAssemble/teamInvite.ts","src/features/questBoard/teamAssemble/__tests__/GroupQuestSheets.test.tsx","PASS","24h TTL enforced"
"LFC-005","Start Work","Execution Window Gate","Required starter can press Start Work ONLY between startTime and dueAt. Single: worker. Group Candidate: team leader.","Pressing before startTime or after dueAt is blocked; missing Start Work by dueAt fails quest","src/features/questBoard/work/useQuestWorkFeature.ts","src/features/questBoard/work/__tests__/QuestWorkScreen.test.tsx","PASS","Enforces execution boundary"
"LFC-006","Underfilled FCFS","Consensus & Proceed Gate","At startTime, underfilled FCFS: Hirer has 10 min to proceed or cancel. If proceed, all workers have 10 min to consent.","Any timeout or rejection cancels quest with 100% refund; reward pool split equally between consented workers","src/features/questBoard/teamAssemble/components/PartialGroupStartConsentSheet.tsx","src/features/questBoard/teamAssemble/__tests__/GroupQuestSheets.test.tsx","PASS","ADR-0010 underfilled consent gate"
"LFC-007","Condition Edit","10-Minute Consensus Window","Hirer can edit quest conditions in QUEST_ASSIGNED; all assigned workers must vote within 10 minutes","If any worker rejects or 10m expires, condition reverts to original; quest does not cancel","src/features/questBoard/shared/components/QuestConditionEditModal.tsx","src/features/questBoard/shared/components/__tests__/QuestConditionEdit.test.tsx","PASS","10m consensus timer"
"LFC-008","Proof Submission","Submission Artifacts","Worker uploads 1-5 files/images and optional summary note before dueAt; draft saved locally during entry","Cannot submit 0 files when proofRequired=true; cannot submit > 5 files; cannot submit after dueAt","src/features/workerWork/components/WorkerProofForm.tsx","src/features/workerWork/__tests__/WorkerProofForm.test.tsx","PASS","proof-submission-contract.md"
"LFC-009","Proof Review","24-Hour Auto-Approval","Hirer reviews proof; if Hirer does not act within 24h, backend automatically triggers PROOF_APPROVED","Hirer rejection requires non-empty reason; rejection triggers QUEST_FAILED and Admin Review Item","src/features/questBoard/review/useHirerProofReviewFeature.ts","src/features/questBoard/review/__tests__/HirerProofReviewScreen.test.tsx","PASS","No second rework round exists"
"LFC-010","Cancellation Tier","QUEST_OPEN Cancellation","Hirer cancels during QUEST_OPEN: 100% refund of Quest Escrow back to Hirer spendingBalanceSatang","No worker penalty; all active candidate inquiries closed immediately","src/features/questBoard/manage/useHirerQuestManageFeature.ts","src/app/quest/[id]/__tests__/manage.test.tsx","PASS","ADR-0003 Tier 1"
"LFC-011","Cancellation Tier","QUEST_ASSIGNED Cancellation","Hirer cancels during QUEST_ASSIGNED: 20% of worker reward pool paid to active workers, 80% + platform fee to Hirer","Assigned workers compensated for reservation; quest transitions to QUEST_CANCELLED","src/features/questBoard/manage/useHirerQuestManageFeature.ts","src/app/quest/[id]/__tests__/manage.test.tsx","PASS","ADR-0003 Tier 2"
"LFC-012","Cancellation Tier","QUEST_IN_PROGRESS Cancellation","Hirer cancels during QUEST_IN_PROGRESS: 100% worker reward paid to workers, platform fee kept; Hirer gets 0 refund","Prevents work exploitation; active workers receive full reward","src/features/questBoard/manage/useHirerQuestManageFeature.ts","src/app/quest/[id]/__tests__/manage.test.tsx","PASS","ADR-0003 Tier 3"
"LFC-013","Rating & Reviews","7-Day Mutual Rating Window","Hirer and Worker can submit reciprocal rating & review within 7 days of QUEST_COMPLETED/FAILED/CANCELLED","Reviews locked after 7 days; rating score updates public profile reputation aggregate asynchronously","src/features/questBoard/review/useQuestReviewFeature.ts","src/features/questBoard/review/components/__tests__/QuestReviewModal.test.tsx","PASS","rulebook/quest/rating-review-contract.md"