"Audit ID","Category / Domain","Item / Flow Name","Rulebook / ADR Ref","Verification Method","Specification & Requirement Summary","Current Status","Code / Test Reference","Audit Check (PASS/FAIL/PENDING)","Auditor Notes & Edge Cases"
"SCR-001","Screens: Auth & Onboarding","Google Auth Sign-in","System Design & Routing","Component Test & Route Check","Native Google OAuth via Better-Auth; stores secure cookie & session; redirects to onboarding or workspace","Implemented & Passing","src/features/auth/__tests__/authEnvironment.test.ts","PASS","ADR-0004 & SDK 57 compliant"
"SCR-002","Screens: Auth & Onboarding","Academic Onboarding","System Design & Routing","Component Test & Route Check","Collects student ID, faculty, major, academic year; validates @ku.th domain before granting access","Implemented & Passing","src/features/onboarding/__tests__/onboarding.test.ts","PASS","Blocks entry until academic profile saved"
"SCR-003","Screens: Navigation Shell","Role Workspace Switching","System Design & Routing","Component Test & Route Check","Switching between Hirer and Worker workspaces dynamically updates tab icons, labels, and theme color ramps","Implemented & Passing","src/features/workspace/__tests__/AppThemeProvider.test.tsx","PASS","ADR-0011 & ADR-0012 zero Context pattern"
"SCR-004","Screens: Navigation Shell","Primary Bottom Tabs","System Design & Routing","Component Test & Route Check","5 primary tabs: Quest Board (Explore), My Quests (Work), Create (+), Money (Wallet), Profile","Implemented & Passing","src/app/(tabs)/__tests__/index.test.tsx","PASS","ADR-0007 persistent tab shell"
"SCR-005","Screens: Discovery","Quest Board (Worker View)","System Design & Routing","Component Test & Route Check","Feed of open quests with compact horizontal cards; search by keyword; filter by faculty, reward, tag","Implemented & Passing","src/features/workerHome/__tests__/WorkerHomeScreen.test.tsx","PASS","ADR-0001 density & ADR-0009 discovery boundary"
"SCR-006","Screens: Quest Creation","3-Step Wizard: Basic Details","System Design & Routing","Component Test & Route Check","Step 1: Title, description, tags, location/remote, draft auto-save to storage with user-scoped key","Implemented & Passing","src/app/(tabs)/__tests__/create.test.tsx","PASS","ADR-0002 3-step creation wizard"
"SCR-007","Screens: Quest Creation","3-Step Wizard: Mode & Schedule","System Design & Routing","Component Test & Route Check","Step 2: Selection mode (FCFS vs Candidate), Single vs Group, headcount (min 2), startTime, dueAt","Implemented & Passing","src/features/createQuest/__tests__/createQuestDraft.test.ts","PASS","Enforces startTime < dueAt & valid mode matrix"
"SCR-008","Screens: Quest Creation","3-Step Wizard: Budget & Escrow","System Design & Routing","Component Test & Route Check","Step 3: Worker reward per head, platform fee preview, questFundingTotal calculation, escrow check","Implemented & Passing","src/features/createQuest/__tests__/createQuestWorkflow.test.ts","PASS","Requires sufficient spending balance; prompts top-up"
"SCR-009","Screens: Quest Details","Quest Detail Page","System Design & Routing","Component Test & Route Check","State & role adaptive: Hirer sees management controls; Candidate sees apply/team; Worker sees work controls","Implemented & Passing","src/features/questBoard/presentation/__tests__/QuestBoardViewData.test.ts","PASS","Header hero, tags, reward satang to THB, deadline"
"SCR-010","Screens: Quest Management","Hirer Quest Manage Screen","System Design & Routing","Component Test & Route Check","Review candidate applications, inspect candidate teams, accept candidate/team, cancel quest with refund","Implemented & Passing","src/app/quest/[id]/__tests__/manage.test.tsx","PASS","Atomic acceptance transaction"
"SCR-011","Screens: Quest Management","Select Roster Review","System Design & Routing","Component Test & Route Check","Roster review view model, member profile sheet, view reputation ratings and past completed quests","Implemented & Passing","src/app/quest/[id]/__tests__/select-roster.test.tsx","PASS","ADR-0008 public profile reputation"
"SCR-012","Screens: Candidate Assembly","Candidate Team Assembly","System Design & Routing","Component Test & Route Check","Join code display/regeneration, invite prospective workers, roster list, disband team, submit at exact headcount","Implemented & Passing","src/features/questBoard/teamAssemble/__tests__/GroupQuestSheets.test.tsx","PASS","ADR-0010 Join code 24h expiration"
"SCR-013","Screens: Quest Execution","Start Work Protocol Screen","System Design & Routing","Component Test & Route Check","Start work button active only between startTime and dueAt; displays countdown timer, team readiness status","Implemented & Passing","src/features/questBoard/work/__tests__/QuestWorkScreen.test.tsx","PASS","Start work triggers QUEST_IN_PROGRESS"
"SCR-014","Screens: Proof Submission","Worker Proof Form","System Design & Routing","Component Test & Route Check","Upload 1-5 proof files/images, work summary note, auto-save proof draft, submit before dueAt","Implemented & Passing","src/features/workerWork/__tests__/WorkerProofForm.test.tsx","PASS","Contract: 1-5 files max, draft persistence"
"SCR-015","Screens: Proof Review","Hirer Proof Review Screen","System Design & Routing","Component Test & Route Check","Inspect worker proof images/notes, 24h auto-approval countdown banner, approve or reject with mandatory reason","Implemented & Passing","src/features/questBoard/review/__tests__/HirerProofReviewScreen.test.tsx","PASS","Rejection triggers QUEST_FAILED & Admin Review Item"
"SCR-016","Screens: Rating Review","Reciprocal Rating Modal","System Design & Routing","Component Test & Route Check","1-5 star rating, feedback tags, comments; available within 7 days of terminal quest state","Implemented & Passing","src/features/questBoard/review/components/__tests__/QuestReviewModal.test.tsx","PASS","Both parties rate independently; affects reputation"
"SCR-017","Screens: Wallet","Wallet Main Screen","System Design & Routing","Component Test & Route Check","Displays 4 compartments: Spending, Earnings, Funding Reserved (Escrow), Reserved for Payouts; Satang precision","Implemented & Passing","src/features/wallet/__tests__/WalletScreen.test.tsx","PASS","rulebook/finance/wallet-compartment-contract.md"
"SCR-018","Screens: Wallet","PromptPay QR Top-Up","System Design & Routing","Component Test & Route Check","Select amount preset or custom (satang integer), generate PromptPay QR, confirmation step, poll transaction status","Implemented & Passing","src/features/wallet/__tests__/TopUpScreen.test.tsx","PASS","Safe overflow check (<2,000,000,000 satang)"
"SCR-019","Screens: Wallet","Transfer Earnings to Spending","System Design & Routing","Component Test & Route Check","Instant, fee-free conversion of earningsBalanceSatang to spendingBalanceSatang for publishing quests","Implemented & Passing","src/features/wallet/components/__tests__/TransferEarningsModal.test.tsx","PASS","Immediate ledger credit; no payout fee deducted"
"SCR-020","Screens: Chat & Inquiry","Candidate Inquiry Chat","System Design & Routing","Component Test & Route Check","Strictly 2 participants, active only during QUEST_OPEN, disappears upon assignment, no KU bot system messages","Implemented & Passing","src/features/conversation/__tests__/conversation.test.ts","PASS","docs/rulebook/quest/conversation-contract.md"
"SCR-021","Screens: Chat & Inquiry","Work Conversation Room","System Design & Routing","Component Test & Route Check","Hirer + all active workers; KU bot system messages; permanent read-only archive upon completion/failure","Implemented & Passing","src/features/conversation/__tests__/workChat.test.ts","PASS","Attachments <= 5MB, rate limit 5msg/5s"
"SCR-022","Screens: Profile & Settings","Public Student Profile","System Design & Routing","Component Test & Route Check","Displays verified academic status, reputation score, completed quest count, reviews summary","Implemented & Passing","src/features/profile/__tests__/profile.test.ts","PASS","ADR-0008 Student reputation & public trust"
"SCR-023","Screens: Settings & Trust","Conduct & Report Modal","System Design & Routing","Component Test & Route Check","Submit report against user/quest/message with reason categories and evidence link to Admin portal","Implemented & Passing","src/features/report/__tests__/ReportScreen.test.tsx","PASS","Trust & Safety admin-conduct-report contract"
"SCR-024","Screens: Dev & QA","Dev Persona Roleplay Tool","System Design & Routing","Component Test & Route Check","Instant switching between mock Hirer, Worker, Candidate, and Underfilled personas with seeded wallet balances","Implemented & Passing","src/features/roleplay/__tests__/RoleplayScreen.test.tsx","PASS","Fast validation without recreating accounts"
"LFC-001","Lifecycle: Quest Lifecycle","Creation to QUEST_OPEN","Hirer completes 3 steps; questFundingTotal locked in escrow from spendingBalanceSatang; status becomes QUEST_OPEN","Unit & Reducer Test","Cannot publish if spending balance < questFundingTotal; cannot create with past dueAt","PASS","src/features/createQuest/workflow/useCreateQuestFlow.ts","PASS","Atomic funding lock"
"LFC-002","Lifecycle: Selection Mode","FIRST_COME_FIRST_SERVED (FCFS)","Single: first worker joins directly -> QUEST_ASSIGNED. Group: workers join directly until headcount reached.","Unit & Reducer Test","No candidate application step allowed; cannot join after headcount full or quest closed","PASS","src/features/questBoard/workflow/questWorkflow.ts","PASS","Direct assignment"
"LFC-003","Lifecycle: Selection Mode","CANDIDATE Selection","Candidates apply individually or in teams; Hirer manually reviews and selects winning roster","Unit & Reducer Test","Hirer selection rejects all other candidates/teams in the same transaction; no partial team selection","PASS","src/features/questBoard/roster/useSelectRosterActions.ts","PASS","ADR-0010 & atomic rejection"
"LFC-004","Lifecycle: Candidate Team","Join Code Mechanics","Server generates 24h code for GROUP + CANDIDATE; team leader can regenerate code; auto-disbands if all leave","Unit & Reducer Test","Cannot submit team before exact headcount; cannot edit members after team submitted; code invalid after 24h","PASS","src/features/questBoard/teamAssemble/teamInvite.ts","PASS","24h TTL enforced"
"LFC-005","Lifecycle: Start Work","Execution Window Gate","Required starter can press Start Work ONLY between startTime and dueAt. Single: worker. Group Candidate: team leader.","Unit & Reducer Test","Pressing before startTime or after dueAt is blocked; missing Start Work by dueAt fails quest","PASS","src/features/questBoard/work/useQuestWorkFeature.ts","PASS","Enforces execution boundary"
"LFC-006","Lifecycle: Underfilled FCFS","Consensus & Proceed Gate","At startTime, underfilled FCFS: Hirer has 10 min to proceed or cancel. If proceed, all workers have 10 min to consent.","Unit & Reducer Test","Any timeout or rejection cancels quest with 100% refund; reward pool split equally between consented workers","PASS","src/features/questBoard/teamAssemble/components/PartialGroupStartConsentSheet.tsx","PASS","ADR-0010 underfilled consent gate"
"LFC-007","Lifecycle: Condition Edit","10-Minute Consensus Window","Hirer can edit quest conditions in QUEST_ASSIGNED; all assigned workers must vote within 10 minutes","Unit & Reducer Test","If any worker rejects or 10m expires, condition reverts to original; quest does not cancel","PASS","src/features/questBoard/shared/components/QuestConditionEditModal.tsx","PASS","10m consensus timer"
"LFC-008","Lifecycle: Proof Submission","Submission Artifacts","Worker uploads 1-5 files/images and optional summary note before dueAt; draft saved locally during entry","Unit & Reducer Test","Cannot submit 0 files when proofRequired=true; cannot submit > 5 files; cannot submit after dueAt","PASS","src/features/workerWork/components/WorkerProofForm.tsx","PASS","proof-submission-contract.md"
"LFC-009","Lifecycle: Proof Review","24-Hour Auto-Approval","Hirer reviews proof; if Hirer does not act within 24h, backend automatically triggers PROOF_APPROVED","Unit & Reducer Test","Hirer rejection requires non-empty reason; rejection triggers QUEST_FAILED and Admin Review Item","PASS","src/features/questBoard/review/useHirerProofReviewFeature.ts","PASS","No second rework round exists"
"LFC-010","Lifecycle: Cancellation Tier","QUEST_OPEN Cancellation","Hirer cancels during QUEST_OPEN: 100% refund of Quest Escrow back to Hirer spendingBalanceSatang","Unit & Reducer Test","No worker penalty; all active candidate inquiries closed immediately","PASS","src/features/questBoard/manage/useHirerQuestManageFeature.ts","PASS","ADR-0003 Tier 1"
"LFC-011","Lifecycle: Cancellation Tier","QUEST_ASSIGNED Cancellation","Hirer cancels during QUEST_ASSIGNED: 20% of worker reward pool paid to active workers, 80% + platform fee to Hirer","Unit & Reducer Test","Assigned workers compensated for reservation; quest transitions to QUEST_CANCELLED","PASS","src/features/questBoard/manage/useHirerQuestManageFeature.ts","PASS","ADR-0003 Tier 2"
"LFC-012","Lifecycle: Cancellation Tier","QUEST_IN_PROGRESS Cancellation","Hirer cancels during QUEST_IN_PROGRESS: 100% worker reward paid to workers, platform fee kept; Hirer gets 0 refund","Unit & Reducer Test","Prevents work exploitation; active workers receive full reward","PASS","src/features/questBoard/manage/useHirerQuestManageFeature.ts","PASS","ADR-0003 Tier 3"
"LFC-013","Lifecycle: Rating & Reviews","7-Day Mutual Rating Window","Hirer and Worker can submit reciprocal rating & review within 7 days of QUEST_COMPLETED/FAILED/CANCELLED","Unit & Reducer Test","Reviews locked after 7 days; rating score updates public profile reputation aggregate asynchronously","PASS","src/features/questBoard/review/useQuestReviewFeature.ts","PASS","rulebook/quest/rating-review-contract.md"
"FIN-001","Finance: Satang Precision","All internal currency stored as 32-bit integer satang (1 THB = 100 satang)","Finance Rulebook","Unit & Ledger Math Test","Strictly non-negative integer math; floating-point money strictly prohibited","PASS","src/features/wallet/walletFormatting.ts","PASS","ADR-0005 satang representation"
"FIN-002","Finance: Wallet Compartments","4 distinct compartments: Spending, Earnings, Funding Reserved, Reserved for Payouts","Finance Rulebook","Unit & Ledger Math Test","Total wallet capacity capped at 2,000,000,000 Satang (฿20,000,000); transactions exceeding cap fail closed","PASS","src/features/wallet/WalletScreen.tsx","PASS","wallet-compartment-contract.md"
"FIN-003","Finance: Top-up QR Flow","Member generates PromptPay QR payload; webhook or poll confirms receipt","Finance Rulebook","Unit & Ledger Math Test","Double-entry credit to spendingBalanceSatang upon external payment clearing","PASS","src/features/wallet/TopUpScreen.tsx","PASS","topup-and-conversion-contract.md"
"FIN-004","Finance: Escrow Lock","Publishing quest locks questFundingTotal (worker rewards + platform fee) in escrow","Finance Rulebook","Unit & Ledger Math Test","Debits spendingBalanceSatang, credits fundingReservedSatang in single transaction","PASS","src/features/createQuest/workflow/useCreateQuestFlow.ts","PASS","reward-money-contract.md"
"FIN-005","Finance: Earnings Transfer","Instant conversion of earningsBalanceSatang to spendingBalanceSatang","Finance Rulebook","Unit & Ledger Math Test","Debits earningsBalanceSatang, credits spendingBalanceSatang; zero platform fee","PASS","src/features/wallet/components/TransferEarningsModal.tsx","PASS","Instant availability for quest publishing"
"FIN-006","Finance: Payout Request","Worker requests withdrawal of earningsBalanceSatang to verified bank/PromptPay","Finance Rulebook","Unit & Ledger Math Test","Debits earningsBalanceSatang, credits reservedForPayoutsSatang until Admin approval","PASS","src/features/wallet/api/walletQueries.ts","PASS","payout-contract.md & gotcha fix"
"FIN-007","Finance: Wallet Statuses","Wallet statuses: ACTIVE, FROZEN, SUSPENDED, CLOSED","Finance Rulebook","Unit & Ledger Math Test","FROZEN/SUSPENDED blocks new commitments (top-up, publish, join); active escrow runs to completion","PASS","src/features/wallet/walletModule.ts","PASS","finance-rulebook.md status guard"
"CHT-001","Chat: Candidate Inquiry","Strictly 2 members: Hirer + 1 Prospective Worker. Active only during QUEST_OPEN.","Conversation Contract","Integration & Rate Limit Test","Zero KU Bot system messages allowed; human-to-human Q&A only","PASS","src/features/conversation/CandidateInquiryView.tsx","PASS","Disappears upon quest assignment"
"CHT-002","Chat: Work Conversation","Hirer + all current Active Workers. Opened upon first ASSIGNMENT_ACTIVE.","Conversation Contract","Integration & Rate Limit Test","Official KU Bot posts immutable events (start work, proof submitted, deadline alert, completion)","PASS","src/features/conversation/WorkConversationView.tsx","PASS","Permanent read-only archive upon finish"
"CHT-003","Chat: Rate Limiting","Cooldown triggers after 5 messages in 5 seconds window","Conversation Contract","Integration & Rate Limit Test","UI displays cooldown counter (e.g. ""Wait 4s"") and preserves draft input text without wiping","PASS","src/features/conversation/useChatController.ts","PASS","Draft preservation tested"
"CHT-004","Chat: Safety & Reporting","Any chat message can be reported for harassment or policy violation","Conversation Contract","Integration & Rate Limit Test","Generates Admin Evidence Reference; Admin can inspect reported thread via dispute portal","PASS","src/features/report/ReportScreen.tsx","PASS","admin-conduct-report-contract.md"
"ARC-001","Architecture: Server State","All asynchronous server queries & mutations managed by TanStack Query v5","TanStack Query (@tanstack/react-query v5.103)","Typecheck & Architecture Audit","No manual useEffect data fetching; no custom fetching cache in React Context","PASS","src/infrastructure/query/queryClient.ts","PASS","Clean query keys & invalidations"
"ARC-002","Architecture: Client / App State","Domain client state managed by lightweight Zustand stores","Zustand v5 (roleWorkspaceStore, questDraftStore)","Typecheck & Architecture Audit","Zero application-owned React Context for mutable app state (ADR-0012)","PASS","src/features/workspace/roleWorkspaceStore.ts","PASS","ADR-0012 state boundaries"
"ARC-003","Architecture: Complex Workflows","Pure domain reducers hosted by Zustand vanilla or pure functions","Pure TypeScript Reducers (questWorkflow, workerWorkProjection)","Typecheck & Architecture Audit","No business logic inside React UI components","PASS","src/features/questBoard/workflow/questWorkflow.ts","PASS","Deterministic testing"
"ARC-004","Architecture: Persistent Storage","Explicit storage adapters: SecureStore for session, AsyncStorage for drafts/prefs","expo-secure-store + persistent storage adapters","Typecheck & Architecture Audit","No sensitive auth tokens or session cookies in unencrypted AsyncStorage","PASS","src/infrastructure/storage/secureStorageAdapter.ts","PASS","Safe token isolation"
"ARC-005","Architecture: WebSocket Client","WebSocket connections must supply Origin: kuquestmobile:// and Cookie","src/api/ServerSocket.ts (openServerSocket)","Typecheck & Architecture Audit","Direct new WebSocket() without Origin causes 4403 rejection on staging backend","PASS","src/api/ServerSocket.ts","PASS","Gotcha resolved 2026-09-26"
"UI-001","UI & Native: Design Tokens & Colors","NativeWind v4 with strict semantic ramp tokens (ku-primary, ku-surface, etc.)","UI Design Rules & Tokens","Smoke & Theme Test","Workspace dynamic theme: Hirer (sage) vs Worker (emerald) swaps seamlessly","PASS","src/theme/colors.ts","PASS","DESIGN.md compliant"
"UI-002","UI & Native: Typography & Sizing","Be Vietnam Pro font family; responsive layout without hardcoded fixed heights","UI Design Rules & Tokens","Smoke & Theme Test","Android fontScale 1.3+ support: text wraps cleanly without clipping or truncation","PASS","src/theme/typography.ts","PASS","Verified across density buckets"
"UI-003","UI & Native: Touch Targets","All interactive touch targets must be at least 44x44pt (Apple HIG / Android Material)","UI Design Rules & Tokens","Smoke & Theme Test","Buttons, tab items, back arrows, list row items include hitSlop or min dimensions","PASS","docs/agents/ui-design-rules.md","PASS","Accessibility touch target pass"
"UI-004","UI & Native: Screen Reader Semantics","All controls require accessible labels, roles, and hint where state is not obvious","UI Design Rules & Tokens","Smoke & Theme Test","accessibilityRole (button, tab, header), accessibilityState (selected, disabled)","PASS","src/components/ui/AccessibilityWrapper.tsx","PASS","Native A11y tree verified"
"UI-005","UI & Native: Safe Area Insets","All screens respect react-native-safe-area-context edge insets","UI Design Rules & Tokens","Smoke & Theme Test","Header avoids status bar and Dynamic Island; footer avoids home indicator bar","PASS","src/app/_layout.tsx","PASS","iOS & Android safe layout"